overshoot_perc,steady_state_error,settling_time,rise_time,avg_loop_latency_ms,p95_loop_latency_ms,p99_loop_latency_ms,deadline_miss,miss_rate,jitter
0.163096393002249,0.00324011017746884,3.02539767339905,2.46702523875364,16.5994152101401,30.9837066666668,39.9281733333341,426,28.4,-3.39831773333333
