overshoot_perc,steady_state_error,settling_time,rise_time,avg_loop_latency_ms,p95_loop_latency_ms,p99_loop_latency_ms,deadline_miss,miss_rate,jitter
0.0406862496675764,0.0148090186640992,3.00120530340684,2.4474347868379,16.6881092,32.1298250000003,45.5820000000004,437,29.1333333333333,-3.3118908
