overshoot_perc,steady_state_error,settling_time,rise_time,avg_loop_latency_ms,p95_loop_latency_ms,p99_loop_latency_ms,deadline_miss,miss_rate,jitter
0.0406862496675764,0.0148090186640992,3.00120530340684,2.4474347868379,16.6291652666667,30.0091736842109,34.7597250000006,441,29.4,-3.37083473333334
