overshoot_perc,steady_state_error,settling_time,rise_time,avg_loop_latency_ms,p95_loop_latency_ms,p99_loop_latency_ms,deadline_miss,miss_rate,jitter
0.0316565877849451,0.014827563067378,3.00154194056675,2.44770674141621,16.8464247663551,28.7499527027026,30.3152499999996,462,30.8,-3.14937046666666
